time,open,close,high,low,volume,turnover
1775832300,0.00903,0.00903,0.00903,0.00903,0,0
1775832600,0.00907,0.00907,0.00907,0.00907,0.0583,0.000528781
1775832900,0.00907,0.00907,0.00907,0.00907,0,0
1775833200,0.00907,0.00907,0.00907,0.00907,0,0
1775833500,0.00907,0.00907,0.00907,0.00907,0,0
1775833800,0.00907,0.00907,0.00907,0.00907,0,0
1775834100,0.00907,0.00907,0.00907,0.00907,0,0
1775834400,0.00907,0.00907,0.00907,0.00907,0,0
1775834700,0.00907,0.00907,0.00907,0.00907,0,0
1775835000,0.00904,0.00904,0.00904,0.00904,1266,11.44464
1775835300,0.009,0.009,0.009,0.009,1330.3769,11.9733921
1775835600,0.009,0.009,0.009,0.009,0,0
1775835900,0.00901,0.00901,0.00901,0.00901,29.9415,0.269772915
1775836200,0.00901,0.00901,0.00901,0.00901,0,0
1775836500,0.00901,0.00901,0.00901,0.00901,0,0
1775836800,0.00901,0.00901,0.00901,0.00901,0,0
1775837100,0.00905,0.0091,0.0091,0.00905,3767.002,34.202405016
1775837400,0.00909,0.00909,0.00909,0.00909,1313.4444,11.939209596
1775837700,0.00909,0.00909,0.00909,0.00909,0,0
1775838000,0.00909,0.00909,0.00909,0.00909,0,0
1775838300,0.00909,0.00909,0.00909,0.00909,0,0
1775838600,0.00909,0.00909,0.00909,0.00909,0,0
1775838900,0.00909,0.00909,0.00909,0.00909,0,0
1775839200,0.00909,0.00909,0.00909,0.00909,0,0
1775839500,0.00909,0.00909,0.00909,0.00909,0,0
1775839800,0.00909,0.00909,0.00909,0.00909,0,0
1775840100,0.00909,0.00909,0.00909,0.00909,0,0
1775840400,0.00909,0.00909,0.00909,0.00909,0,0
1775840700,0.00909,0.00909,0.00909,0.00909,27.0222,0.245631798
1775841000,0.00909,0.00909,0.00909,0.00909,0,0
1775841300,0.00911,0.00911,0.00911,0.00911,0.2909,0.002650099
1775841600,0.00911,0.00911,0.00911,0.00911,0,0
1775841900,0.00911,0.00911,0.00911,0.00911,1112.82,10.1377902
1775842200,0.00911,0.00911,0.00911,0.00911,0,0
1775842500,0.00911,0.00911,0.00911,0.00911,0,0
1775842800,0.00911,0.00911,0.00911,0.00911,0,0
1775843100,0.00911,0.00911,0.00911,0.00911,0,0
1775843400,0.00911,0.00911,0.00911,0.00911,0,0
1775843700,0.00911,0.00911,0.00911,0.00911,0,0
1775844000,0.00911,0.00911,0.00911,0.00911,0,0
1775844300,0.00911,0.00911,0.00911,0.00911,0,0
1775844600,0.00911,0.00911,0.00911,0.00911,1100.1099,10.022001189
1775844900,0.00911,0.00911,0.00911,0.00911,0,0
1775845200,0.00911,0.00911,0.00911,0.00911,0,0
1775845500,0.00913,0.00913,0.00913,0.00913,25.6711,0.234377143
1775845800,0.00913,0.00913,0.00913,0.00913,0,0
1775846100,0.00913,0.00913,0.00913,0.00913,0,0
1775846400,0.00913,0.00913,0.00913,0.00913,0,0
1775846700,0.00913,0.00913,0.00913,0.00913,0,0
1775847000,0.00913,0.00913,0.00913,0.00913,0,0
1775847300,0.00913,0.00913,0.00913,0.00913,0,0
1775847600,0.00914,0.00914,0.00914,0.00914,1095.2902,10.010952428
1775847900,0.00915,0.00915,0.00915,0.00915,4510.6663,41.272596645
1775848200,0.00915,0.00915,0.00915,0.00915,0,0
1775848500,0.00915,0.00915,0.00915,0.00915,0,0
1775848800,0.00911,0.00911,0.00911,0.00911,1033.05,9.4110855
1775849100,0.00911,0.00911,0.00911,0.00911,0,0
1775849400,0.00911,0.00911,0.00911,0.00911,0,0
1775849700,0.00911,0.00911,0.00911,0.00911,0,0
1775850000,0.00911,0.00911,0.00911,0.00911,0,0
1775850300,0.00911,0.00911,0.00911,0.00911,0,0
1775850600,0.00911,0.00911,0.00911,0.00911,0,0
1775850900,0.0091,0.0091,0.0091,0.0091,24.3875,0.22192625
1775851200,0.0091,0.0091,0.0091,0.0091,0,0
1775851500,0.0091,0.0091,0.0091,0.0091,0,0
1775851800,0.0091,0.0091,0.0091,0.0091,0,0
1775852100,0.0091,0.0091,0.0091,0.0091,0,0
1775852400,0.0091,0.0091,0.0091,0.0091,0,0
1775852700,0.00909,0.00908,0.00909,0.00908,5628.306,51.118176373
1775853000,0.00908,0.00908,0.00908,0.00908,0,0
1775853300,0.00908,0.00908,0.00908,0.00908,0,0
1775853600,0.00908,0.00908,0.00908,0.00908,0,0
1775853900,0.00908,0.00908,0.00908,0.00908,0,0
1775854200,0.00904,0.00904,0.00904,0.00904,23.1681,0.209439624
1775854500,0.00904,0.00904,0.00904,0.00904,0,0
1775854800,0.00904,0.00904,0.00904,0.00904,0,0
1775855100,0.00904,0.00904,0.00904,0.00904,0,0
1775855400,0.00904,0.00904,0.00904,0.00904,0,0
1775855700,0.00898,0.00898,0.00898,0.00898,121.2075,1.08844335
1775856000,0.00898,0.00898,0.00898,0.00898,0,0
1775856300,0.00898,0.00898,0.00898,0.00898,0,0
1775856600,0.00898,0.00898,0.00898,0.00898,0,0
1775856900,0.00898,0.00898,0.00898,0.00898,0,0
1775857200,0.00898,0.00898,0.00898,0.00898,0,0
1775857500,0.00898,0.00898,0.00898,0.00898,22.0097,0.197647106
1775857800,0.00898,0.00898,0.00898,0.00898,0,0
1775858100,0.00898,0.00898,0.00898,0.00898,0,0
1775858400,0.00898,0.00898,0.00898,0.00898,0,0
1775858700,0.00898,0.00898,0.00898,0.00898,0,0
1775859000,0.00898,0.00898,0.00898,0.00898,0,0
1775859300,0.00898,0.00898,0.00898,0.00898,0,0
1775859600,0.00898,0.00898,0.00898,0.00898,0,0
1775859900,0.00898,0.00898,0.00898,0.00898,0,0
1775860200,0.00903,0.00902,0.00903,0.00902,21.2636,0.192006765
1775860500,0.00902,0.00902,0.00902,0.00902,0,0
1775860800,0.00897,0.00897,0.00897,0.00897,727.6928,6.527404416
1775861100,0.00897,0.00897,0.00897,0.00897,0,0
1775861400,0.00897,0.00897,0.00897,0.00897,0,0
1775861700,0.00897,0.00897,0.00897,0.00897,0,0
1775862000,0.00896,0.00896,0.00896,0.00896,19.8638,0.177979648
1775862300,0.00896,0.00896,0.00896,0.00896,0,0
1775862600,0.00896,0.00896,0.00896,0.00896,0,0
1775862900,0.00896,0.00896,0.00896,0.00896,0,0
1775863200,0.00896,0.00896,0.00896,0.00896,0,0
1775863500,0.00896,0.00896,0.00896,0.00896,0,0
1775863800,0.00896,0.00896,0.00896,0.00896,0,0
1775864100,0.00896,0.00896,0.00896,0.00896,0,0
1775864400,0.00896,0.00896,0.00896,0.00896,0,0
1775864700,0.00897,0.00897,0.00897,0.00897,1121.7049,10.061692953
1775865000,0.00897,0.00897,0.00897,0.00897,0,0
1775865300,0.00897,0.00897,0.00897,0.00897,0,0
1775865600,0.00899,0.00897,0.009,0.00894,4283321.2414,38428.835440128
1775865900,0.00901,0.00896,0.00901,0.00893,6039061.2395,54106.345277153
1775866200,0.00893,0.00892,0.00896,0.00892,810656.6606,7245.713752637
1775866500,0.00892,0.00891,0.00895,0.00889,3266777.6792,29112.653692278
1775866800,0.00891,0.00893,0.00895,0.0089,3789406.2286,33813.023094866
1775867100,0.00892,0.0089,0.00895,0.0089,3376169.8535,30132.923842913
1775867400,0.00895,0.00893,0.00895,0.0089,2218133.21,19801.539234907
1775867700,0.00893,0.00893,0.00895,0.0089,5196365.7655,46374.286519449
1775868000,0.00892,0.00888,0.00894,0.00888,3942516.3841,35133.750291643
1775868300,0.00888,0.00888,0.00891,0.00886,5184518.3081,46066.045143674
1775868600,0.0089,0.0089,0.0089,0.0089,1349,12.0061
1775868900,0.0089,0.0089,0.0089,0.0089,0,0
1775869200,0.0089,0.0089,0.0089,0.0089,0,0
1775869500,0.0089,0.0089,0.0089,0.0089,0,0
1775869800,0.00889,0.00889,0.00889,0.00889,260.1556,2.312783284
1775870100,0.00889,0.00884,0.00889,0.00884,5760,50.9857
1775870400,0.00884,0.00884,0.00884,0.00884,0,0
1775870700,0.00885,0.00885,0.00885,0.00885,1036.8146,9.17580921
1775871000,0.00885,0.00885,0.00885,0.00885,0,0
1775871300,0.00885,0.00885,0.00885,0.00885,17.9271,0.158654835
1775871600,0.00885,0.00885,0.00885,0.00885,0,0
1775871900,0.00885,0.00885,0.00885,0.00885,0,0
1775872200,0.00885,0.00885,0.00885,0.00885,0,0
1775872500,0.00885,0.00885,0.00885,0.00885,0,0
1775872800,0.00887,0.00887,0.00887,0.00887,17.0307,0.151062309
1775873100,0.00887,0.00887,0.00887,0.00887,0,0
1775873400,0.00887,0.00887,0.00887,0.00887,0,0
1775873700,0.00887,0.00887,0.00887,0.00887,0,0
1775874000,0.00887,0.00887,0.00887,0.00887,0,0
1775874300,0.00887,0.00887,0.00887,0.00887,0,0
1775874600,0.00887,0.00887,0.00887,0.00887,0,0
1775874900,0.00887,0.00887,0.00887,0.00887,0,0
1775875200,0.00887,0.00887,0.00887,0.00887,0,0
1775875500,0.00895,0.00895,0.00895,0.00895,0.0004,0.00000358
1775875800,0.00895,0.00895,0.00895,0.00895,0,0
1775876100,0.00895,0.00895,0.00895,0.00895,0,0
1775876400,0.00895,0.00895,0.00895,0.00895,0,0
1775876700,0.00895,0.00895,0.00895,0.00895,0,0
1775877000,0.00895,0.00895,0.00895,0.00895,0,0
1775877300,0.00895,0.00895,0.00895,0.00895,0,0
1775877600,0.00895,0.00895,0.00895,0.00895,0,0
1775877900,0.00895,0.00895,0.00895,0.00895,0,0
1775878200,0.00896,0.00896,0.00896,0.00896,16.1792,0.144965632
1775878500,0.00896,0.00896,0.00896,0.00896,0,0
1775878800,0.00896,0.00896,0.00896,0.00896,0,0
1775879100,0.00896,0.00896,0.00896,0.00896,0,0
1775879400,0.00895,0.00895,0.00895,0.00895,1337,11.96615
1775879700,0.00895,0.00895,0.00895,0.00895,0,0
1775880000,0.00895,0.00895,0.00895,0.00895,0,0
1775880300,0.00895,0.00895,0.00895,0.00895,0,0
1775880600,0.00895,0.00895,0.00895,0.00895,0,0
1775880900,0.00895,0.00895,0.00895,0.00895,0,0
1775881200,0.00895,0.00895,0.00895,0.00895,0,0
1775881500,0.0089,0.0089,0.0089,0.0089,15.3702,0.13679478
1775881800,0.0089,0.0089,0.0089,0.0089,0,0
1775882100,0.0089,0.0089,0.0089,0.0089,0,0
1775882400,0.0089,0.0089,0.0089,0.0089,0,0
1775882700,0.0089,0.0089,0.0089,0.0089,0,0
1775883000,0.0089,0.0089,0.0089,0.0089,0,0
1775883300,0.0089,0.0089,0.0089,0.0089,0,0
1775883600,0.0089,0.0089,0.0089,0.0089,0,0
1775883900,0.0089,0.0089,0.0089,0.0089,0,0
1775884200,0.0089,0.0089,0.0089,0.0089,0,0
1775884500,0.0089,0.0089,0.0089,0.0089,0,0
1775884800,0.0089,0.0089,0.0089,0.0089,0,0
1775885100,0.0089,0.0089,0.0089,0.0089,0,0
1775885400,0.0089,0.0089,0.0089,0.0089,0,0
1775885700,0.0089,0.0089,0.0089,0.0089,0,0
1775886000,0.0089,0.0089,0.0089,0.0089,0,0
1775886300,0.0089,0.0089,0.0089,0.0089,0,0
1775886600,0.0089,0.0089,0.0089,0.0089,0,0
1775886900,0.0089,0.0089,0.0089,0.0089,14.6017,0.12995513
1775887200,0.0089,0.00888,0.0089,0.00888,2761,24.558038742
1775887500,0.00888,0.00888,0.00888,0.00888,0,0
1775887800,0.00888,0.00888,0.00888,0.00888,0,0
1775888100,0.00888,0.00888,0.00888,0.00888,0,0
1775888400,0.0089,0.00891,0.00891,0.0089,3744.8413,33.353037671
1775888700,0.00891,0.00891,0.00891,0.00891,0,0
1775889000,0.00891,0.00891,0.00891,0.00891,0,0
1775889300,0.00886,0.00886,0.00886,0.00886,13.8716,0.122902376
1775889600,0.00886,0.00886,0.00886,0.00886,0,0
1775889900,0.00886,0.00886,0.00886,0.00886,0,0
1775890200,0.00886,0.00886,0.00886,0.00886,0,0
1775890500,0.00899,0.00893,0.00911,0.00893,33288.0009,300.461295341
1775890800,0.00906,0.009,0.00907,0.009,4096.9146,37.092086362
1775891100,0.009,0.009,0.009,0.009,0,0
1775891400,0.009,0.009,0.009,0.009,0,0
1775891700,0.009,0.009,0.009,0.009,0,0
1775892000,0.009,0.009,0.009,0.009,0,0
1775892300,0.009,0.009,0.009,0.009,0,0
1775892600,0.009,0.009,0.009,0.009,0,0
1775892900,0.009,0.009,0.009,0.009,0,0
1775893200,0.009,0.009,0.009,0.009,0,0
1775893500,0.009,0.009,0.009,0.009,0,0
1775893800,0.009,0.009,0.009,0.009,0,0
1775894100,0.009,0.009,0.009,0.009,0,0
1775894400,0.009,0.009,0.009,0.009,0,0
1775894700,0.0089,0.0089,0.0089,0.0089,12.5191,0.11141999
1775895000,0.0089,0.0089,0.0089,0.0089,0,0
1775895300,0.0089,0.0089,0.0089,0.0089,0,0
1775895600,0.0089,0.0089,0.0089,0.0089,0,0
1775895900,0.0089,0.0089,0.0089,0.0089,0,0
1775896200,0.0089,0.0089,0.0089,0.0089,0,0
1775896500,0.0089,0.0089,0.0089,0.0089,0,0
1775896800,0.00893,0.00893,0.00893,0.00893,1340.782,11.97318326
1775897100,0.00893,0.00893,0.00893,0.00893,0,0
1775897400,0.00892,0.00892,0.00892,0.00892,1340.782,11.95977544
1775897700,0.00892,0.00892,0.00892,0.00892,0,0
1775898000,0.00892,0.00892,0.00892,0.00892,0,0
1775898300,0.00892,0.00892,0.00892,0.00892,0,0
1775898600,0.00892,0.00892,0.00892,0.00892,0,0
1775898900,0.00891,0.0089,0.00891,0.0089,1354.175,12.065580318
1775899200,0.0089,0.0089,0.0089,0.0089,0,0
1775899500,0.0089,0.0089,0.0089,0.0089,0,0
1775899800,0.0089,0.0089,0.0089,0.0089,0,0
1775900100,0.0089,0.0089,0.0089,0.0089,0,0
1775900400,0.0089,0.0089,0.0089,0.0089,0,0
1775900700,0.0089,0.0089,0.0089,0.0089,0,0
1775901000,0.0089,0.0089,0.0089,0.0089,0,0
1775901300,0.00885,0.00885,0.00885,0.00885,159.732,1.4136282
1775901600,0.00886,0.00886,0.00886,0.00886,1272.4612,11.274006232
1775901900,0.00886,0.00886,0.00886,0.00886,0,0
1775902200,0.00887,0.00879,0.00887,0.00879,20567.5382,181.758019857
1775902500,0.00879,0.00879,0.00879,0.00879,0,0
1775902800,0.00879,0.00879,0.00879,0.00879,0,0
1775903100,0.00887,0.00887,0.00887,0.00887,123.3406,1.094031122
1775903400,0.00887,0.00887,0.00887,0.00887,0,0
1775903700,0.00887,0.00887,0.00887,0.00887,0,0
1775904000,0.00887,0.00887,0.00887,0.00887,0,0
1775904300,0.00887,0.00887,0.00887,0.00887,0,0
1775904600,0.00887,0.00887,0.00887,0.00887,0,0
1775904900,0.00887,0.00887,0.00887,0.00887,0,0
1775905200,0.00887,0.00887,0.00887,0.00887,0,0
1775905500,0.00887,0.00887,0.00887,0.00887,0,0
1775905800,0.00887,0.00887,0.00887,0.00887,0,0
1775906100,0.00887,0.00887,0.00887,0.00887,0,0
1775906400,0.00887,0.00887,0.00887,0.00887,0,0
1775906700,0.00895,0.00884,0.00895,0.00884,3133.9367,27.984624016
1775907000,0.00884,0.00884,0.00884,0.00884,0,0
1775907300,0.00884,0.00884,0.00884,0.00884,0,0
1775907600,0.00884,0.00884,0.00884,0.00884,0,0
1775907900,0.00884,0.00884,0.00884,0.00884,0,0
1775908200,0.00899,0.009,0.009,0.00899,30396.4887,273.4932983
1775908500,0.009,0.009,0.009,0.009,0,0
1775908800,0.009,0.009,0.009,0.009,0,0
1775909100,0.009,0.009,0.009,0.009,0,0
1775909400,0.00904,0.00902,0.00904,0.00902,3000,27.091270485
1775909700,0.00902,0.00902,0.00902,0.00902,0,0
1775910000,0.00902,0.00902,0.00902,0.00902,0,0
1775910300,0.00902,0.00902,0.00902,0.00902,0,0
1775910600,0.00902,0.00902,0.00902,0.00902,0,0
1775910900,0.00902,0.00902,0.00902,0.00902,0,0
1775911200,0.00902,0.00902,0.00902,0.00902,0,0
1775911500,0.00902,0.00902,0.00902,0.00902,0,0
1775911800,0.00902,0.00902,0.00902,0.00902,0,0
1775912100,0.00902,0.00902,0.00902,0.00902,0,0
1775912400,0.00902,0.00902,0.00902,0.00902,0,0
1775912700,0.00902,0.00902,0.00902,0.00902,0,0
1775913000,0.00902,0.00902,0.00902,0.00902,0,0
1775913300,0.00902,0.00902,0.00902,0.00902,0,0
1775913600,0.00902,0.00902,0.00902,0.00902,0,0
1775913900,0.00902,0.00902,0.00902,0.00902,0,0
1775914200,0.00902,0.00902,0.00902,0.00902,0,0
1775914500,0.00902,0.00902,0.00902,0.00902,0,0
1775914800,0.00902,0.00902,0.00902,0.00902,0,0
1775915100,0.00902,0.00902,0.00902,0.00902,0,0
1775915400,0.00902,0.00902,0.00902,0.00902,0,0
1775915700,0.00902,0.00902,0.00902,0.00902,0,0
1775916000,0.00902,0.00902,0.00902,0.00902,0,0
1775916300,0.00902,0.00902,0.00902,0.00902,0,0
1775916600,0.00902,0.00902,0.00902,0.00902,0,0
1775916900,0.00902,0.00902,0.00902,0.00902,0,0
1775917200,0.00902,0.00902,0.00902,0.00902,0,0
1775917500,0.00902,0.00902,0.00902,0.00902,0,0
1775917800,0.00902,0.00902,0.00902,0.00902,0,0
1775918100,0.00902,0.00902,0.00902,0.00902,0,0
1775918400,0.00894,0.00894,0.00894,0.00894,38,0.33972
1775918700,0.00888,0.00888,0.00888,0.00888,38,0.33744
1775919000,0.00888,0.00888,0.00888,0.00888,0,0
1775919300,0.00893,0.00893,0.00893,0.00893,1337.7926,11.946487918
1775919600,0.00893,0.00893,0.00893,0.00893,0,0
1775919900,0.00893,0.00893,0.00893,0.00893,0,0
1775920200,0.00893,0.00893,0.00893,0.00893,0,0
1775920500,0.00893,0.00893,0.00893,0.00893,0,0
1775920800,0.00893,0.00893,0.00893,0.00893,0,0
1775921100,0.00893,0.00893,0.00893,0.00893,0,0
1775921400,0.00893,0.00893,0.00893,0.00893,0,0
1775921700,0.00893,0.00893,0.00893,0.00893,0,0
1775922000,0.00893,0.00893,0.00893,0.00893,0,0
1775922300,0.00893,0.00893,0.00893,0.00893,0,0
1775922600,0.00893,0.00893,0.00893,0.00893,0,0
1775922900,0.00893,0.00893,0.00893,0.00893,0,0
1775923200,0.00893,0.00893,0.00893,0.00893,0,0
1775923500,0.00893,0.00893,0.00893,0.00893,0,0
1775923800,0.00893,0.00893,0.00893,0.00893,0,0
1775924100,0.00893,0.00893,0.00893,0.00893,0,0
1775924400,0.00893,0.00893,0.00893,0.00893,0,0
1775924700,0.00893,0.00893,0.00893,0.00893,0,0
1775925000,0.00896,0.00896,0.00898,0.00896,7949.0825,71.295683678
1775925300,0.00896,0.00896,0.00896,0.00896,0,0
1775925600,0.00902,0.00902,0.00902,0.00902,1331,12.00562
1775925900,0.00899,0.00898,0.00899,0.00898,413,3.710723838
1775926200,0.00898,0.00898,0.00898,0.00898,0,0
1775926500,0.00898,0.00898,0.00898,0.00898,0,0
1775926800,0.00898,0.00898,0.00898,0.00898,0,0
1775927100,0.00898,0.00898,0.00898,0.00898,0,0
1775927400,0.00898,0.00898,0.00898,0.00898,0,0
1775927700,0.00898,0.00898,0.00898,0.00898,0,0
1775928000,0.00898,0.00898,0.00898,0.00898,0,0
1775928300,0.00898,0.00898,0.00898,0.00898,0,0
1775928600,0.00898,0.00898,0.00898,0.00898,0,0
1775928900,0.00898,0.00898,0.00898,0.00898,0,0
1775929200,0.00898,0.00898,0.00898,0.00898,0,0
1775929500,0.00898,0.00898,0.00898,0.00898,0,0
1775929800,0.00898,0.00898,0.00898,0.00898,0,0
1775930100,0.00903,0.00897,0.00903,0.00897,102.5932,0.9224388
1775930400,0.00897,0.00897,0.00897,0.00897,0,0
1775930700,0.00897,0.00897,0.00897,0.00897,0,0
1775931000,0.00897,0.00897,0.00897,0.00897,0,0
1775931300,0.00897,0.00897,0.00897,0.00897,0,0
1775931600,0.00897,0.00897,0.00897,0.00897,0,0
1775931900,0.00897,0.00897,0.00897,0.00897,0,0
1775932200,0.00897,0.00897,0.00897,0.00897,0,0
1775932500,0.00904,0.00907,0.00907,0.00904,7705.9205,69.822080974
1775932800,0.00907,0.00907,0.00907,0.00907,0,0
1775933100,0.00907,0.00907,0.00907,0.00907,0,0
1775933400,0.00907,0.00907,0.00907,0.00907,0,0
1775933700,0.00907,0.00907,0.00907,0.00907,0,0
1775934000,0.00907,0.00907,0.00907,0.00907,0,0
1775934300,0.00912,0.00912,0.0092,0.00912,396468.1838,3628.292203049
1775934600,0.00912,0.00914,0.00916,0.00912,9320167.7044,85121.025811845
1775934900,0.00915,0.00913,0.00915,0.00913,8187619.5371,74864.600767698
1775935200,0.00915,0.00915,0.00915,0.00913,1938502.6132,17724.736466791
1775935500,0.00914,0.00916,0.00916,0.00914,516463.3491,4723.653356231
1775935800,0.00917,0.00916,0.00918,0.00915,2095314.5426,19211.88308761
1775936100,0.00916,0.00915,0.00916,0.00913,3103842.8681,28406.980775856
1775936400,0.00915,0.00915,0.00915,0.00915,0,0
1775936700,0.00914,0.00913,0.00914,0.00913,266861.5064,2438.422740263
1775937000,0.00914,0.00914,0.00914,0.00914,123939.217,1132.80444338
1775937300,0.00914,0.00914,0.00914,0.00914,61900.8815,565.77405691
1775937600,0.00912,0.00915,0.00915,0.00912,1265639.9963,11571.5382118
1775937900,0.00913,0.00914,0.00915,0.00913,3083450.6886,28190.427646001
1775938200,0.00914,0.00915,0.00915,0.00914,930273.1493,8507.284014308
1775938500,0.00915,0.00913,0.00915,0.00913,4848348.2545,44332.130955241
1775938800,0.00913,0.00914,0.00914,0.00913,193823.0716,1771.058139148
1775939100,0.00915,0.00914,0.00915,0.00914,408042.9185,3731.709140946
1775939400,0.00915,0.00912,0.00915,0.00912,5336736.3437,48803.407732676
1775939700,0.00913,0.00914,0.00914,0.00912,245686.0273,2242.51124898
1775940000,0.00914,0.00914,0.00914,0.00914,0,0
1775940300,0.00913,0.00912,0.00913,0.00912,70115.4951,639.468771474
1775940600,0.00913,0.00913,0.00914,0.00913,118515.989,1082.065207
1775940900,0.00908,0.00906,0.00913,0.00901,836017.6037,7591.382277885
1775941200,0.00912,0.00906,0.00912,0.00905,383745.2347,3484.846100141
1775941500,0.00911,0.0091,0.00913,0.00904,1230283.403,11182.536908477
1775941800,0.00913,0.009,0.00913,0.009,517668.8197,4702.986644727
1775942100,0.00902,0.00903,0.00911,0.00902,846717.4301,7692.914150332
1775942400,0.00911,0.00912,0.00913,0.00911,1101276.306,10046.855056267
1775942700,0.00914,0.0091,0.00918,0.00903,1406639.2665,12819.968637802
1775943000,0.00911,0.00912,0.00913,0.00899,729481.5032,6629.949056698
1775943300,0.00902,0.00912,0.00912,0.00899,364465.5945,3302.102920197
1775943600,0.00912,0.00912,0.00913,0.00903,813141.512,7413.786463985
1775943900,0.00913,0.00906,0.00913,0.00906,1045260.8655,9533.202573782
1775944200,0.00912,0.00912,0.00912,0.00912,109861.7359,1001.939031408
1775944500,0.00914,0.00914,0.00914,0.00914,51400.4514,469.800125796
1775944800,0.00915,0.00913,0.00916,0.00913,423602.0196,3872.668481518
1775945100,0.00915,0.00914,0.00917,0.00913,2852479.9847,26089.306287237
1775945400,0.00915,0.00917,0.0092,0.00915,1741087.6187,15953.333227748
1775945700,0.00916,0.00917,0.00917,0.00915,2381089.6006,21823.08519918
1775946000,0.00915,0.00917,0.00917,0.00915,801673.4703,7347.602904208
1775946300,0.00917,0.00917,0.00917,0.00917,0,0
1775946600,0.00915,0.00919,0.0092,0.00915,1308803.2203,12000.511838932
1775946900,0.00916,0.00914,0.00916,0.00912,752434.4784,6881.537027238
1775947200,0.00915,0.00916,0.00919,0.00914,609967.6792,5588.01379555
1775947500,0.00919,0.00913,0.00919,0.00913,102083.091,935.328559392
1775947800,0.00914,0.00913,0.00914,0.00913,180133.1801,1645.231950248
1775948100,0.00913,0.00913,0.00913,0.00913,0,0
1775948400,0.00913,0.00913,0.00913,0.00913,0,0
1775948700,0.00911,0.00911,0.00911,0.00911,55613.348,506.63760028
1775949000,0.00911,0.00911,0.00911,0.00911,0,0
1775949300,0.00911,0.00911,0.00911,0.00911,0,0
1775949600,0.0091,0.0091,0.0091,0.0091,1318.6813,11.99999983
1775949900,0.0091,0.0091,0.0091,0.0091,0,0
1775950200,0.0091,0.0091,0.0091,0.0091,0,0
1775950500,0.0091,0.0091,0.0091,0.0091,0,0
1775950800,0.0091,0.0091,0.0091,0.0091,0,0
1775951100,0.00911,0.0091,0.00911,0.0091,629.1839,5.728609769
1775951400,0.0091,0.0091,0.0091,0.0091,0,0
1775951700,0.0091,0.0091,0.0091,0.0091,0,0
1775952000,0.0091,0.00908,0.00915,0.00908,598210.1858,5443.560476201
1775952300,0.00911,0.00919,0.00919,0.00908,1842059.2482,16778.319054466
1775952600,0.00913,0.00909,0.00919,0.00909,704677.4654,6436.50523321
1775952900,0.00909,0.00909,0.00909,0.00909,0,0
1775953200,0.00908,0.0091,0.00912,0.00906,1034227.5687,9406.23684389
1775953500,0.0091,0.00914,0.00914,0.009,1622832.6456,14742.299328595
1775953800,0.00911,0.00909,0.00916,0.00899,1096443.3365,9971.980004406
1775954100,0.0091,0.00911,0.00911,0.009,645951.058,5862.458693886
1775954400,0.00917,0.00911,0.00917,0.009,2294156.6473,20844.772603957
1775954700,0.00901,0.009,0.00911,0.009,512281.7903,4634.267871564
1775955000,0.00903,0.00908,0.00911,0.00901,2425158.1266,22013.62690244
1775955300,0.00908,0.00908,0.00908,0.00907,993318.3884,9013.954886107
1775955600,0.00908,0.00908,0.00908,0.00908,127490.5278,1157.613992424
1775955900,0.00908,0.00908,0.00908,0.00908,0,0
1775956200,0.00908,0.00908,0.00908,0.00908,0,0
1775956500,0.00908,0.00908,0.00908,0.00908,0,0
1775956800,0.00908,0.00908,0.00908,0.00908,0,0
1775957100,0.00908,0.00908,0.00908,0.00908,0,0
1775957400,0.00907,0.00906,0.00908,0.00906,13647.6455,123.881084856
1775957700,0.00896,0.00896,0.00896,0.00896,4028.3485,36.09400256
1775958000,0.00892,0.00881,0.00892,0.00881,10101.9216,89.384030232
1775958300,0.0088,0.00876,0.0088,0.00876,3872.2023,34.009292619
1775958600,0.00876,0.00876,0.00876,0.00876,0,0
1775958900,0.00876,0.00876,0.00876,0.00876,0,0
1775959200,0.00876,0.00876,0.00876,0.00876,0,0
1775959500,0.00874,0.00874,0.00874,0.00874,2745.9954,23.999999796
1775959800,0.00875,0.00875,0.00875,0.00875,2185.908,19.126695
1775960100,0.00875,0.00875,0.00875,0.00875,573.6535,5.019468125
1775960400,0.00874,0.00873,0.00874,0.00873,3749,32.73877
1775960700,0.00873,0.00873,0.00873,0.00873,0,0
1775961000,0.00873,0.00873,0.00873,0.00873,0,0
1775961300,0.00873,0.00873,0.00873,0.00873,0,0
1775961600,0.00872,0.00872,0.00872,0.00872,3534,30.81648
1775961900,0.00872,0.00872,0.00872,0.00872,0,0
1775962200,0.00872,0.00872,0.00872,0.00872,0,0
1775962500,0.00872,0.00872,0.00872,0.00872,0,0
1775962800,0.00872,0.00868,0.00872,0.00868,114505.4933,996.197460932
1775963100,0.00868,0.00872,0.00872,0.00868,114512.9949,996.263044272
1775963400,0.00868,0.00868,0.00868,0.00868,50936.0819,442.125190892
1775963700,0.00871,0.00871,0.00872,0.00871,323981.0388,2822.954860116
1775964000,0.00872,0.00871,0.00872,0.00871,2015201.9211,17560.02037968
1775964300,0.00871,0.00872,0.00872,0.00867,3023529.7512,26329.732672773
1775964600,0.00871,0.00866,0.00872,0.00865,1911011.6928,16599.101229845
1775964900,0.00868,0.00866,0.00868,0.00866,1135817.736,9852.031316081
1775965200,0.00866,0.00865,0.00868,0.00865,383191.4077,3320.097072355
1775965500,0.00866,0.00867,0.00869,0.00866,261941.1104,2270.452631424
1775965800,0.00866,0.00865,0.0087,0.00865,1221095.5891,10575.611980328
1775966100,0.00866,0.00865,0.00868,0.00865,803343.6709,6958.488462677
1775966400,0.00865,0.00864,0.00865,0.00864,124121.8287,1072.924301515
1775966700,0.00864,0.00863,0.0087,0.00863,412998.5802,3571.035853995
1775967000,0.00865,0.00865,0.00865,0.00863,722520.6115,6238.389492167
1775967300,0.00864,0.00863,0.00864,0.00863,974609.4332,8413.016808499
1775967600,0.00863,0.00864,0.0087,0.00862,808606.7825,6986.402231739
1775967900,0.00864,0.00866,0.00866,0.00864,946206.052,8187.413234709
1775968200,0.00866,0.00864,0.00866,0.00861,1229737.3485,10618.989093708
1775968500,0.00863,0.00858,0.00863,0.00858,854604.8568,7362.619478474
1775968800,0.00858,0.0086,0.00864,0.00858,1167923.858,10049.851606486
1775969100,0.0086,0.00861,0.00863,0.00859,621838.782,5349.275036682
1775969400,0.0086,0.00861,0.00865,0.00859,711915.84,6136.308271645
1775969700,0.00863,0.00861,0.00864,0.00861,519511.2074,4476.414800327
1775970000,0.00861,0.00865,0.00865,0.00861,1501116.7278,12952.556011949
1775970300,0.00865,0.00867,0.00867,0.00864,921642.5978,7978.416338405
1775970600,0.00869,0.00867,0.0087,0.00865,771593.4399,6689.971108897
1775970900,0.00869,0.00868,0.0087,0.00864,910955.3818,7889.877864996
1775971200,0.00868,0.00868,0.00868,0.00866,760265.6128,6588.532202265
1775971500,0.00866,0.00866,0.00869,0.00866,1170749.4701,10146.761153591
1775971800,0.00867,0.00865,0.00868,0.00865,678716.9918,5885.223551354
1775972100,0.00865,0.00865,0.00865,0.00865,0,0
1775972400,0.00866,0.00866,0.00866,0.00866,61089.8746,529.038314036
1775972700,0.00866,0.00866,0.00866,0.00866,0,0
1775973000,0.00867,0.00868,0.00868,0.00866,372928.1451,3233.992472404
1775973300,0.00869,0.00871,0.00872,0.00867,1133652.0987,9862.332649148
1775973600,0.0087,0.0087,0.00871,0.00866,1745296.8654,15150.176648222
1775973900,0.00866,0.00868,0.00871,0.00866,983858.283,8533.051230462
1775974200,0.00867,0.00869,0.00872,0.00866,1333979.6912,11589.960131156
1775974500,0.00869,0.00869,0.0087,0.00869,884948.6633,7692.702009743
1775974800,0.00869,0.0087,0.00871,0.00866,1251663.0424,10875.570896698
1775975100,0.00872,0.00871,0.00872,0.00871,1875014.2508,16338.574036752
1775975400,0.00872,0.00871,0.00872,0.00871,1272326.8091,11087.360890171
1775975700,0.00871,0.00872,0.00872,0.0087,368893.654,3212.451441124
1775976000,0.00872,0.00873,0.00873,0.00871,124794.5118,1087.583515198
1775976300,0.00871,0.00871,0.00871,0.00871,62368.6675,543.231093925
1775976600,0.00871,0.00871,0.00872,0.00871,631498.2063,5502.805791377
1775976900,0.00871,0.00872,0.00872,0.00871,893541.9177,7785.853908575
1775977200,0.00872,0.00872,0.00872,0.00872,0,0
1775977500,0.00871,0.00871,0.00872,0.00871,680841.6027,5931.383848111
1775977800,0.00871,0.0087,0.00872,0.00869,1075298.7294,9360.625292032
1775978100,0.00869,0.00868,0.0087,0.00867,652604.7959,5665.45417002
1775978400,0.00868,0.00869,0.00871,0.00868,905886.1584,7867.342144053
1775978700,0.0087,0.00867,0.00872,0.00864,2456632.0388,21324.864775994
1775979000,0.00869,0.00868,0.00869,0.00867,615817.1762,5344.92620918
1775979300,0.0087,0.00871,0.00871,0.00868,341737.1138,2970.895100929
1775979600,0.00871,0.00871,0.00871,0.00871,0,0
1775979900,0.00871,0.00871,0.00871,0.00871,0,0
1775980200,0.00871,0.00871,0.00871,0.00871,0,0
1775980500,0.00873,0.00872,0.00873,0.00872,324251.0376,2828.875365092
1775980800,0.00873,0.00871,0.00873,0.00871,138574.3798,1207.037642578
1775981100,0.00871,0.00871,0.00871,0.00871,71754.8694,624.984912474
1775981400,0.00871,0.00871,0.00871,0.00871,61114.5333,532.307585043
1775981700,0.00871,0.00871,0.00871,0.00871,0,0
1775982000,0.00871,0.00871,0.00871,0.00871,0,0
1775982300,0.00871,0.00871,0.00871,0.00871,0,0
1775982600,0.00871,0.00871,0.00871,0.00871,0,0
1775982900,0.00874,0.00874,0.00874,0.00874,132457.8536,1157.681640464
1775983200,0.00873,0.00873,0.00874,0.00871,938943.9584,8192.888379721
1775983500,0.00874,0.00871,0.00874,0.00869,715267.5126,6235.994053976
1775983800,0.00871,0.0087,0.00872,0.0087,1109450.2765,9668.086796862
1775984100,0.0087,0.0087,0.00871,0.00868,339023.6445,2948.057018131
1775984400,0.00869,0.00869,0.0087,0.00869,210563.2525,1830.513109918
1775984700,0.00869,0.00869,0.00869,0.00869,0,0
1775985000,0.00869,0.00869,0.00869,0.00869,0,0
1775985300,0.00869,0.00869,0.00869,0.00869,0,0
1775985600,0.00869,0.00869,0.00869,0.00869,0,0
1775985900,0.00874,0.00885,0.00885,0.00868,434831.0582,3791.812158693
1775986200,0.00885,0.00885,0.00885,0.00885,0,0
1775986500,0.00885,0.00885,0.00885,0.00885,0,0
1775986800,0.00874,0.00875,0.00875,0.00874,120595.4698,1054.607576626
1775987100,0.00875,0.00875,0.00875,0.00875,0,0
1775987400,0.00875,0.00872,0.00875,0.00872,120866.1056,1055.764435771
1775987700,0.00872,0.00872,0.00872,0.00872,0,0
1775988000,0.00872,0.00872,0.00872,0.00872,0,0
1775988300,0.00872,0.00872,0.00872,0.00872,60478.7041,527.374299752
1775988600,0.00872,0.00872,0.00872,0.00872,0,0
1775988900,0.00872,0.00872,0.00872,0.00872,0,0
1775989200,0.00872,0.00872,0.00872,0.00872,0,0
1775989500,0.00872,0.00872,0.00872,0.00872,60477.0762,527.360104464
1775989800,0.00871,0.00871,0.00871,0.00871,45256.1324,394.180913204
1775990100,0.00871,0.00871,0.00871,0.00871,62315.719,542.76991249
1775990400,0.00871,0.00871,0.00871,0.00871,0,0
1775990700,0.00871,0.00871,0.00871,0.00871,0,0
1775991000,0.0087,0.00871,0.00871,0.0087,107697.2751,937.419663211
1775991300,0.00868,0.00868,0.00868,0.00868,45389.8745,393.98411066
1775991600,0.00869,0.00869,0.00869,0.00869,107833.2172,937.070657468
1775991900,0.00869,0.00869,0.00869,0.00869,0,0
1775992200,0.00869,0.00869,0.00869,0.00869,0,0
1775992500,0.00869,0.00869,0.00869,0.00869,0,0
1775992800,0.00869,0.00869,0.00869,0.00869,0,0
1775993100,0.00873,0.00874,0.00874,0.00873,636461.692,5558.637816507
1775993400,0.00874,0.00874,0.00874,0.00874,0,0
1775993700,0.00873,0.00873,0.00873,0.00873,242111.7267,2113.635374091
1775994000,0.00871,0.00873,0.00874,0.00871,218832.8259,1910.016762578
1775994300,0.00873,0.00873,0.00874,0.00873,1484274.9369,12959.461811254
1775994600,0.00873,0.00873,0.00873,0.00873,0,0
1775994900,0.0087,0.0087,0.0087,0.0087,50919.8641,443.00281767
1775995200,0.00871,0.0087,0.00872,0.00869,534583.0472,4653.880608585
1775995500,0.0087,0.00869,0.00872,0.00867,2554258.2461,22230.733448721
1775995800,0.00869,0.00867,0.00871,0.00867,721127.7994,6264.134840706
1775996100,0.00871,0.00869,0.00871,0.00867,732230.8696,6361.234239167
1775996400,0.00872,0.00871,0.00872,0.00867,390044.4929,3389.463722108
1775996700,0.00871,0.0087,0.00872,0.0087,158664.4218,1382.027196233
1775997000,0.00869,0.00871,0.00871,0.00869,158803.327,1382.157681316
1775997300,0.00875,0.00874,0.00875,0.00874,107346.5163,938.714919559
1775997600,0.00877,0.00877,0.00877,0.00877,44831.3632,393.171055264
1775997900,0.00877,0.00877,0.00877,0.00877,0,0
1775998200,0.00875,0.00872,0.00875,0.00872,613963.6361,5365.262551338
1775998500,0.00875,0.00872,0.00875,0.00872,1577514.3707,13782.322645928
1775998800,0.00872,0.00872,0.00872,0.00871,327125.9942,2851.935989505
1775999100,0.00874,0.00874,0.00874,0.00872,571884.4289,4994.292047102
1775999400,0.00874,0.00874,0.00874,0.00874,45059.6796,393.821599704
1775999700,0.00874,0.00874,0.00874,0.00874,90104.1769,787.510506106
1776000000,0.00873,0.00873,0.00873,0.00873,45037.5621,393.177917133
1776000300,0.00874,0.0087,0.00874,0.00869,412954.3178,3591.277630526
1776000600,0.0087,0.0087,0.0087,0.0087,0,0
1776000900,0.00871,0.00872,0.00872,0.00871,90265.2274,786.66183602
1776001200,0.00872,0.00872,0.00872,0.00872,45160.0561,393.795689192
1776001500,0.00872,0.00872,0.00872,0.00872,0,0
1776001800,0.00871,0.00871,0.00871,0.00871,57909.0573,504.387889083
1776002100,0.00871,0.00871,0.00871,0.00871,0,0
1776002400,0.0087,0.00871,0.00871,0.0087,73073.6395,635.754440917
1776002700,0.00867,0.00867,0.00872,0.00867,793531.3802,6890.683174793
1776003000,0.00871,0.00867,0.00872,0.00867,1171790.9447,10189.252000599
1776003300,0.00869,0.00868,0.00872,0.00867,1875016.6288,16294.846738122
1776003600,0.00867,0.00868,0.00873,0.00867,1391757.764,12104.229530129
1776003900,0.00868,0.00871,0.00871,0.00868,1403812.6319,12202.472387214
1776004200,0.00871,0.00867,0.00871,0.00867,1007752.7369,8760.285239726
1776004500,0.00869,0.00868,0.00871,0.00867,1267470.982,11015.933157392
1776004800,0.00867,0.00867,0.00869,0.00865,695974.5064,6028.885923924
1776005100,0.00871,0.0087,0.00884,0.00867,3339411.7511,29040.207227089
1776005400,0.00868,0.0087,0.00873,0.00868,671412.2041,5841.424292412
1776005700,0.0087,0.00871,0.00871,0.0087,571535.8711,4974.557475921
1776006000,0.0087,0.0087,0.00874,0.00869,1186887.6288,10332.453682236
1776006300,0.0087,0.00867,0.00872,0.00865,1070793.2732,9301.563714324
1776006600,0.00865,0.00863,0.00867,0.00863,755113.5109,6531.469739972
1776006900,0.00864,0.00865,0.00866,0.00863,391101.0479,3380.694257227
1776007200,0.00865,0.00863,0.00868,0.00863,1296656.5598,11219.611344062
1776007500,0.00874,0.00864,0.00875,0.00862,1664146.1254,14385.673991094
1776007800,0.00864,0.00864,0.00865,0.00862,1891732.8946,16333.297380547
1776008100,0.00865,0.00865,0.00868,0.00865,635500.4939,5499.181232039
1776008400,0.00865,0.00868,0.00868,0.00863,730347.1049,6323.138717252
1776008700,0.00868,0.00868,0.00868,0.00867,679692.4703,5895.290250167
1776009000,0.00868,0.00871,0.00879,0.00867,1252903.7308,10894.865797222
1776009300,0.00868,0.00867,0.00872,0.00867,506549.3133,4400.611790771
1776009600,0.00868,0.00874,0.00875,0.00867,1101262.6268,9576.56026465
1776009900,0.0087,0.00881,0.00881,0.00869,1059935.9307,9228.271952791
1776010200,0.00876,0.00872,0.00878,0.00868,521832.5273,4555.577961281
1776010500,0.00871,0.0087,0.00881,0.0087,665035.9764,5799.958862779
1776010800,0.0087,0.00871,0.00878,0.00869,834838.8882,7273.155395233
1776011100,0.0087,0.00873,0.00878,0.00869,893843.0371,7795.738017395
1776011400,0.00871,0.00874,0.00874,0.00869,774033.5022,6742.61849647
1776011700,0.00869,0.00869,0.00879,0.00869,1230889.973,10724.353883858
1776012000,0.00869,0.00873,0.00878,0.00869,1282800.3903,11172.341110788
1776012300,0.00869,0.00873,0.00873,0.00869,476952.9637,4152.856674093
1776012600,0.0087,0.0087,0.00882,0.0087,1303980.4722,11371.538808241
1776012900,0.00873,0.00874,0.00875,0.0087,1586363.8175,13834.984973608
1776013200,0.00874,0.00874,0.00878,0.00871,822308.6095,7181.502304381
1776013500,0.00874,0.00871,0.00878,0.00871,882884.5611,7716.393065982
1776013800,0.00872,0.00874,0.00878,0.00871,1520148.0939,13272.103376806
1776014100,0.00872,0.00873,0.00875,0.00868,959627.8782,8371.986046667
1776014400,0.00872,0.00875,0.00882,0.00872,1090808.4959,9546.795536079
1776014700,0.00875,0.00875,0.00879,0.0087,1733412.2095,15158.887467091
1776015000,0.00876,0.00876,0.00876,0.00874,617610.3152,5405.458771283
1776015300,0.00875,0.00875,0.00881,0.00874,1027212.8929,8995.632040441
1776015600,0.00875,0.00876,0.00881,0.00875,611510.8774,5356.129353329
1776015900,0.00876,0.00875,0.00876,0.00875,344872.7886,3019.030761827
1776016200,0.00877,0.00877,0.00883,0.00873,1220770.5653,10708.757556809
1776016500,0.00877,0.00876,0.00883,0.00875,7425360.1854,65267.303110958
1776016800,0.00876,0.00875,0.00881,0.00875,6819544.0027,59908.184212523
1776017100,0.00882,0.0088,0.00882,0.00874,6826250.3113,59935.459355861
1776017400,0.00874,0.0087,0.00876,0.0087,6887195.7122,60138.662067884
1776017700,0.00881,0.00877,0.00881,0.0087,6850763.7841,59884.969244992
1776018000,0.00876,0.00871,0.00877,0.00871,6879014.6345,60083.279016766
1776018300,0.00876,0.00871,0.00876,0.00871,6761123.496,59068.094905626
1776018600,0.00871,0.00871,0.00878,0.0087,6820503.0167,59567.044540373
1776018900,0.00871,0.00871,0.00877,0.00871,6905268.1833,60301.780053365
1776019200,0.00871,0.00876,0.00876,0.00871,6826719.3855,59618.894696503
1776019500,0.00871,0.00871,0.00876,0.00871,6921731.4614,60447.614237692
1776019800,0.00871,0.0087,0.00877,0.0087,4579785.59,39976.784782292
1776020100,0.0087,0.0087,0.00876,0.0087,3338275.1236,29110.482091466
1776020400,0.0087,0.00875,0.00875,0.0087,3415424.5911,29809.457925885
1776020700,0.00875,0.0087,0.00876,0.0087,3410713.8777,29761.435900314
1776021000,0.00875,0.00875,0.00876,0.00869,3358155.5505,29294.728433759
1776021300,0.00869,0.00875,0.00876,0.00869,3375814.6357,29441.341432066
1776021600,0.0087,0.00875,0.00878,0.0087,3356379.9633,29279.554254046
1776021900,0.00875,0.00875,0.0088,0.0087,3339083.9946,29179.789570375
1776022200,0.0087,0.00871,0.00876,0.0087,3363004.2194,29357.220650266
1776022500,0.00876,0.00876,0.00877,0.0087,3345197.1102,29208.840368049
1776022800,0.0087,0.00875,0.00876,0.0087,3353946.6784,29253.498029912
1776023100,0.00875,0.0087,0.00875,0.0087,3389980.5505,29588.11069805
1776023400,0.00875,0.00874,0.00875,0.00869,5308500.721,46286.506937173
1776023700,0.00874,0.00869,0.00882,0.00869,6826693.3057,59460.182127163
1776024000,0.00869,0.00874,0.00874,0.00869,6255596.5797,54533.195953596
1776024300,0.00874,0.00874,0.00874,0.00868,6596143.6285,57485.950921283
1776024600,0.00874,0.00873,0.00874,0.00868,7325351.9648,63823.574184299
1776024900,0.00873,0.00867,0.00873,0.00867,6294224.1539,54779.551674344
1776025200,0.00873,0.00871,0.00873,0.00867,6307197.4635,54821.812195446
1776025500,0.00871,0.00872,0.00872,0.00867,6326744.7027,54997.993522425
1776025800,0.00867,0.00868,0.00872,0.00867,6284728.0372,54636.779622707
1776026100,0.00868,0.0087,0.00878,0.00867,6302264.5448,54929.834052582
1776026400,0.00876,0.00881,0.00882,0.0087,6243732.4713,54672.720256587
1776026700,0.00881,0.00879,0.00881,0.00872,7084009.8395,62022.992739351
1776027000,0.00872,0.00872,0.00881,0.00872,6478457.8558,56647.827001297
1776027300,0.00878,0.00879,0.0088,0.00872,6877960.208,60203.741557424
1776027600,0.00873,0.00874,0.00882,0.00873,6304668.5987,55288.875298755
1776027900,0.00874,0.00878,0.0088,0.00872,8014009.7537,70167.264017932
1776028200,0.00872,0.00871,0.0088,0.00871,6169832.5668,53973.577388255
1776028500,0.00871,0.00878,0.00881,0.00871,6646406.6926,58155.520560345
1776028800,0.00881,0.00877,0.00881,0.0087,6434914.5555,56267.253913503
1776029100,0.00877,0.00869,0.00882,0.00869,6189671.7578,54069.53137945
1776029400,0.00869,0.0087,0.00876,0.00869,6176566.1341,53901.353974879
1776029700,0.0087,0.00871,0.00877,0.00869,6208434.1997,54108.499077359
1776030000,0.00877,0.00876,0.00877,0.00871,6128026.1999,53535.711003721
1776030300,0.00876,0.0087,0.00876,0.0087,6158452.0254,53737.250191607
1776030600,0.00875,0.00877,0.00879,0.0087,6254654.6646,54634.284097896
1776030900,0.00871,0.00877,0.00877,0.00871,6128062.8069,53539.956329049
1776031200,0.00877,0.0087,0.00877,0.00863,6288205.881,54615.930684651
1776031500,0.0087,0.00872,0.00878,0.00866,6292240.3931,54761.492058287
1776031800,0.00868,0.00866,0.00872,0.00866,6166728.8113,53544.749179291
1776032100,0.00866,0.00864,0.00871,0.00864,7080937.1444,61415.419213877
1776032400,0.00864,0.00867,0.0087,0.00863,6262260.6117,54245.330371476
1776032700,0.00864,0.00862,0.00869,0.00861,6459038.68,55853.944999452
1776033000,0.00862,0.00866,0.00866,0.00861,6287331.9917,54300.820417117
1776033300,0.00862,0.00865,0.00871,0.00862,6322351.6992,54726.560126881
1776033600,0.00868,0.00868,0.00869,0.00864,6262524.2492,54253.325695154
1776033900,0.00864,0.00868,0.00869,0.00864,6343433.4136,54942.103007095
1776034200,0.00868,0.00869,0.00869,0.00864,4458432.3823,38639.494992438
1776034500,0.00865,0.00865,0.00869,0.00864,3537622.8396,30635.656023516
1776034800,0.00869,0.00864,0.00869,0.00864,3536209.5566,30625.400328378
1776035100,0.00864,0.00864,0.00868,0.00863,3526455.8602,30513.698225924
1776035400,0.00864,0.00862,0.00868,0.00862,3531736.506,30545.736330681
1776035700,0.00867,0.00864,0.00868,0.00862,3542538.5298,30624.433729801
1776036000,0.00869,0.00867,0.00869,0.00862,3541332.6521,30649.425022492
1776036300,0.00863,0.00864,0.00869,0.00863,2489150.4861,21541.80363874
1776036600,0.00864,0.00864,0.00864,0.00864,0,0
1776036900,0.00864,0.00864,0.00864,0.00864,0,0
1776037200,0.00864,0.00864,0.00864,0.00864,0,0
1776037500,0.00864,0.00864,0.00864,0.00864,0,0
1776037800,0.00867,0.00867,0.00867,0.00863,3733463.1074,32291.622759755
1776038100,0.00867,0.00863,0.00867,0.00862,6092766.319,52707.854921161
1776038400,0.00867,0.00866,0.00867,0.00862,6113330.0448,52837.297472249
1776038700,0.00862,0.00868,0.00868,0.00862,6020064.1649,52120.650978345
1776039000,0.00864,0.00866,0.00868,0.00862,6222187.3361,53790.475446741
1776039300,0.00866,0.00864,0.00869,0.00863,6004491.7581,51976.551279283
1776039600,0.00864,0.00868,0.00868,0.00864,6027614.9941,52235.221209357
1776039900,0.00868,0.0087,0.0087,0.00864,6094700.3042,52865.436170065
1776040200,0.0087,0.00865,0.0087,0.00865,6054548.0905,52497.905778906
1776040500,0.00865,0.00866,0.00871,0.00864,3508267.4818,30413.236131083
1776040800,0.00866,0.00866,0.00866,0.00866,0,0
1776041100,0.00866,0.00866,0.00866,0.00866,0,0
1776041400,0.00866,0.00866,0.00866,0.00866,0,0
1776041700,0.00866,0.00866,0.00866,0.00866,0,0
1776042000,0.00866,0.00866,0.00866,0.00866,0,0
1776042300,0.00866,0.00866,0.00866,0.00866,0,0
1776042600,0.00866,0.00866,0.00866,0.00866,0,0
1776042900,0.00866,0.00866,0.00866,0.00866,0,0
1776043200,0.00866,0.00866,0.00866,0.00866,0,0
1776043500,0.00866,0.00866,0.00866,0.00866,0,0
1776043800,0.00866,0.00866,0.00866,0.00866,0,0
1776044100,0.00866,0.00866,0.00866,0.00866,0,0
1776044400,0.00866,0.00866,0.00866,0.00866,0,0
1776044700,0.00869,0.00874,0.00874,0.00869,1561536.759,13606.912733585
1776045000,0.0087,0.00872,0.00876,0.0087,4899025.946,42806.225564423
1776045300,0.00872,0.00876,0.00876,0.00872,5780834.715,50527.818282543
1776045600,0.00876,0.00876,0.00877,0.00872,6128614.2357,53593.591154857
1776045900,0.00876,0.00876,0.00876,0.00873,6360828.3462,55616.534864015
1776046200,0.00876,0.00869,0.00876,0.00869,5789137.8887,50549.197703298
1776046500,0.00873,0.0087,0.00874,0.00869,3968150.4192,34589.58677576
1776046800,0.0087,0.00874,0.00875,0.0087,4027223.1295,35126.70504682
1776047100,0.00874,0.00875,0.00876,0.00871,4447984.0771,38828.591808879
1776047400,0.00871,0.00871,0.00876,0.00871,4264352.3599,37238.494561359
1776047700,0.00876,0.00869,0.00876,0.00869,5553701.1998,48415.736018033
1776048000,0.00873,0.00869,0.00873,0.00869,6351663.0605,55323.316397149
1776048300,0.00873,0.00873,0.00874,0.00869,5858525.2226,51034.760409139
1776048600,0.00873,0.00869,0.00873,0.00869,5301182.2024,46195.31123386
1776048900,0.00873,0.00874,0.00875,0.00869,5084443.6799,44330.303377559
1776049200,0.00874,0.00875,0.00875,0.00871,4448743.1761,38825.491565092
1776049500,0.00875,0.00872,0.00875,0.00868,3398649.4408,29644.528820202
1776049800,0.00869,0.00869,0.00873,0.00869,5316528.5877,46307.736567749
1776050100,0.00873,0.00874,0.00874,0.00869,5087781.9098,44348.611548458
1776050400,0.00871,0.00874,0.00874,0.00871,5307123.8055,46308.095775024
1776050700,0.00874,0.00873,0.00876,0.00868,4874315.5714,42560.932546913
1776051000,0.00876,0.00871,0.00877,0.00871,3907493.7883,34150.133346454
1776051300,0.00875,0.00869,0.00875,0.00869,4610092.3851,40204.132157441
1776051600,0.00869,0.00873,0.00873,0.00869,5378223.346,46859.591267199
1776051900,0.00873,0.00873,0.00873,0.00869,6020684.2636,52428.45388666
1776052200,0.00873,0.00873,0.00875,0.00869,4110907.2184,35850.323194173
1776052500,0.00872,0.00868,0.00873,0.00866,6883756.5047,59858.602947717
1776052800,0.00872,0.00868,0.00872,0.00868,6952944.7378,60495.88566226
1776053100,0.00868,0.00871,0.00871,0.00866,6983339.8826,60708.967112848
1776053400,0.00871,0.00871,0.00872,0.00866,7004843.3284,60898.511861134
1776053700,0.00867,0.00868,0.00871,0.00867,4347842.0161,37790.730798548
1776054000,0.00868,0.00868,0.00868,0.00868,0,0
1776054300,0.00868,0.00868,0.00868,0.00868,0,0
1776054600,0.00868,0.00868,0.00868,0.00868,0,0
1776054900,0.00868,0.00868,0.00868,0.00868,0,0
1776055200,0.00868,0.00868,0.00868,0.00868,0,0
1776055500,0.00868,0.00868,0.00868,0.00868,0,0
1776055800,0.00868,0.00868,0.00868,0.00868,0,0
1776056100,0.00868,0.00868,0.00868,0.00868,0,0
1776056400,0.00868,0.00868,0.00868,0.00868,0,0
1776056700,0.00868,0.00868,0.00868,0.00868,0,0
1776057000,0.00867,0.00867,0.00867,0.00867,1159.4202,10.052173134
1776057300,0.00867,0.00867,0.00867,0.00867,0,0
1776057600,0.00867,0.00867,0.00867,0.00867,0,0
1776057900,0.00867,0.00867,0.00867,0.00867,0,0
1776058200,0.00867,0.00867,0.00867,0.00867,0,0
1776058500,0.00867,0.00867,0.00867,0.00867,0,0
1776058800,0.00867,0.00867,0.00867,0.00867,0,0
1776059100,0.00867,0.00867,0.00867,0.00867,0,0
1776059400,0.00867,0.00867,0.00867,0.00867,0,0
1776059700,0.00867,0.00867,0.00867,0.00867,0,0
1776060000,0.00867,0.00867,0.00867,0.00867,0,0
1776060300,0.00867,0.00867,0.00867,0.00867,0,0
1776060600,0.00867,0.00867,0.00867,0.00867,0,0
1776060900,0.00872,0.00872,0.00872,0.00872,4540.5098,39.593245456
1776061200,0.00872,0.00872,0.00872,0.00872,4540.5098,39.593245456
1776061500,0.00872,0.00872,0.00872,0.00872,0,0
1776061800,0.00872,0.00872,0.00872,0.00872,0,0
1776062100,0.00872,0.00872,0.00872,0.00872,0,0
1776062400,0.00872,0.00871,0.00872,0.00871,1196.1135,10.418562376
1776062700,0.00871,0.00871,0.00871,0.00871,0,0
1776063000,0.00871,0.00871,0.00871,0.00871,1196.1135,10.418148585
1776063300,0.00871,0.00871,0.00871,0.00871,0,0
1776063600,0.00871,0.00871,0.00871,0.00871,0,0
1776063900,0.00871,0.00871,0.00871,0.00871,0,0
1776064200,0.00873,0.00873,0.00873,0.00873,6647.7939,58.035240747
1776064500,0.0087,0.00872,0.00873,0.00867,17438.6131,151.70297897
1776064800,0.00872,0.00866,0.00872,0.00866,11093.9815,96.161755321
1776065100,0.00866,0.00866,0.00866,0.00866,0,0
1776065400,0.00866,0.00866,0.00866,0.00866,0,0
1776065700,0.00866,0.00866,0.00866,0.00866,0,0
1776066000,0.00866,0.00866,0.00866,0.00866,0,0
1776066300,0.00866,0.00866,0.00866,0.00866,0,0
1776066600,0.00866,0.00866,0.00866,0.00866,0,0
1776066900,0.00866,0.00866,0.00866,0.00866,0,0
1776067200,0.00866,0.00866,0.00866,0.00866,0,0
1776067500,0.00866,0.00866,0.00866,0.00866,758.6895,6.57025107
1776067800,0.00866,0.00866,0.00866,0.00866,0,0
1776068100,0.00865,0.00865,0.00865,0.00865,1157.4074,10.01157401
1776068400,0.00865,0.00865,0.00865,0.00865,0,0
1776068700,0.00865,0.00865,0.00865,0.00865,0,0
1776069000,0.00865,0.00865,0.00865,0.00865,0,0
1776069300,0.00865,0.00865,0.00865,0.00865,0,0
1776069600,0.00865,0.00865,0.00865,0.00865,0,0
1776069900,0.00865,0.00865,0.00865,0.00865,0,0
1776070200,0.00865,0.00865,0.00865,0.00865,0,0
1776070500,0.00865,0.00865,0.00865,0.00865,0,0
1776070800,0.00865,0.00865,0.00865,0.00865,0,0
1776071100,0.00865,0.00865,0.00865,0.00865,0,0
1776071400,0.00865,0.00865,0.00865,0.00865,0,0
1776071700,0.00865,0.00865,0.00865,0.00865,0,0
1776072000,0.00873,0.00873,0.00873,0.00873,4360,38.0628
1776072300,0.00873,0.00873,0.00873,0.00873,0,0
1776072600,0.00873,0.00873,0.00873,0.00873,0,0
1776072900,0.00875,0.00875,0.00875,0.00875,10121,88.55875
1776073200,0.00879,0.00882,0.00882,0.00879,6222.9783,54.760086384
1776073500,0.00883,0.00883,0.00883,0.00883,7699.774,67.98900442
1776073800,0.00883,0.00883,0.00883,0.00883,0,0
1776074100,0.00883,0.00883,0.00883,0.00883,0,0
1776074400,0.00886,0.00887,0.00887,0.00886,14834.4523,131.566691901
1776074700,0.00887,0.00887,0.00887,0.00887,0,0
1776075000,0.00892,0.00892,0.00892,0.00892,3062,27.31304
1776075300,0.00892,0.00892,0.00892,0.00892,0,0
1776075600,0.00892,0.00892,0.00892,0.00892,0,0
1776075900,0.00888,0.00888,0.00888,0.00888,949.1263,8.428241544
1776076200,0.00888,0.00888,0.00888,0.00888,0,0
1776076500,0.00888,0.00888,0.00888,0.00888,0,0
1776076800,0.00888,0.00888,0.00888,0.00888,0,0
1776077100,0.00888,0.00888,0.00888,0.00888,0,0
1776077400,0.00888,0.00888,0.00888,0.00888,0,0
1776077700,0.00888,0.00888,0.00888,0.00888,0,0
1776078000,0.00888,0.00894,0.00894,0.00888,3433.0686,30.555069168
1776078300,0.00894,0.00894,0.00894,0.00894,0,0
1776078600,0.00898,0.00898,0.00898,0.00898,2236.1828,20.080921544
1776078900,0.00898,0.00898,0.00898,0.00898,0,0
1776079200,0.00898,0.00898,0.00898,0.00898,0,0
1776079500,0.00898,0.00898,0.00898,0.00898,0,0
1776079800,0.00898,0.00898,0.00898,0.00898,0,0
1776080100,0.00898,0.00898,0.00898,0.00898,0,0
1776080400,0.00898,0.00898,0.00898,0.00898,0,0
1776080700,0.00898,0.00898,0.00898,0.00898,515.986,4.63355428
1776081000,0.0089,0.0089,0.0089,0.0089,515.986,4.5922754
1776081300,0.0089,0.0089,0.0089,0.0089,0,0
1776081600,0.0089,0.0089,0.0089,0.0089,0,0
1776081900,0.0089,0.0089,0.0089,0.0089,0,0
1776082200,0.0089,0.0089,0.0089,0.0089,0,0
1776082500,0.0089,0.0089,0.0089,0.0089,0,0
1776082800,0.0089,0.0089,0.0089,0.0089,0,0
1776083100,0.0089,0.0089,0.0089,0.0089,0,0
1776083400,0.0089,0.0089,0.0089,0.0089,0,0
1776083700,0.0089,0.0089,0.0089,0.0089,0,0
1776084000,0.0089,0.0089,0.0089,0.0089,0,0
1776084300,0.0089,0.0089,0.0089,0.0089,0,0
1776084600,0.0089,0.0089,0.0089,0.0089,0,0
1776084900,0.0089,0.0089,0.0089,0.0089,0,0
1776085200,0.0089,0.0089,0.0089,0.0089,0,0
1776085500,0.0089,0.0089,0.0089,0.0089,0,0
1776085800,0.0089,0.0089,0.0089,0.0089,0,0
1776086100,0.0089,0.0089,0.0089,0.0089,0,0
1776086400,0.00905,0.00905,0.00905,0.00905,0.0429,0.000388245
